first_name,last_name,email,username,password
Briana,Manina,BrianaManina@fofo.com,BrianaMan,BrianaNina00
Contrea,Crosby,ContreaC@boo.com,ContreaC,Contrea1234
Shawnda,Wilson,ShawndaW@gogo.com,ShawndaW,Shawnda5678
Kentrell,Bennette,KentrellB@tootoo.com,KentrellBen,KentrellB9012
Saraphina,Lanina,SaraphinaL@rooroo.com,Saraphina,SaraphinaL3456
Joe,DaPlumber,DaDaJoe@kookoo.com,JoeDayPlo7890,JoeJoe84
Briana,Manina,BrianaNina@soco.com,BrianaMan,BrianaNina0034
